brand_name,pants_description,price,MRP,discount_percent,ratings,number_of_ratings
WROGN,Men Loose Fit Cotton Jeans,1374,2499,0.45,4.2,57
Flying Machine,Men Slim Fit Jeans,1829,2999,0.39,4.6,5
Roadster,Men Pure Cotton Jeans,974,2499,0.61,3.6,1100
Bene Kleed,Relaxed Fit Denim Jeans,873,2299,0.62,4,4800
Levis,Men 511 Slim Fit Jeans,1478,2899,0.49,4.3,264
HERE&NOW,Men Stretchable Jeans,798,1699,0.53,4,33
Urbano Fashion,Men Relaxed Fit Jeans,944,2099,0.55,4,4200
WROGN,Men Anti Fit Jeans,1623,2799,0.42,4.2,42
Bene Kleed,Men Wide Leg Heavy Fade Jeans,839,2799,0.7,3.6,114
Bene Kleed,Relaxed Fit Denim Jeans,873,2299,0.62,4.1,5200
Roadster,Men Regular Fit Mid-Rise Jeans,759,1899,0.6,4,63
Bene Kleed,Men Bootcut Jeans,873,2299,0.62,4,757
Bene Kleed,Men Wide Leg Jeans,857,2599,0.67,3.6,152
Flying Machine,Slim Fit Stretchable Jeans,1829,2999,0.39,3.6,152
styzon,Men Jogger Mid-Rise Jeans,899,3599,0.75,4.1,64
Roadster,Cotton Ecru Straight Fit Jeans,949,2499,0.62,3.8,80
Calvin Klein Jeans,Men Slim Fit Jeans,949,2499,0.62,3.8,80
styzon,Men Relaxed Fit Jeans,989,1799,0.45,3.9,42
Bene Kleed,Men Bootcut Jeans,850,2299,0.63,3.9,1000
WROGN,Men Slim Fit Stretchable Jeans,1275,2199,0.42,4.2,130
HIGHLANDER,Men Relaxed Fit Mid-Rise Jeans,769,2749,0.72,3.6,432
Bene Kleed,Men Mid-Rise Boot Cut Jeans,873,2299,0.62,4,591
Flying Machine,Men Relaxed Fit Jeans,2309,3499,0.34,4,591
WROGN,Men Pure Cotton Loose Jeans,1449,2499,0.42,3.9,111
Urbano Fashion,Men Relaxed Fit Jeans,1034,2299,0.55,3.6,618
Levis,Men 511 Slim Fit Jeans,2079,3999,0.48,3.9,31
Kotty,Men Low-Rise Jeans,519,1999,0.74,3.7,1500
Bene Kleed,Men Relaxed Fit Jeans,873,2299,0.62,4.1,4200
Flying Machine,Men Slim Fit Jeans,1549,2499,0.38,4.1,4200
Roadster,Men Wide Leg Jeans,999,2499,0.6,3.4,53
Kotty,Men Straight Fit Jeans,719,1999,0.64,3.8,61
WROGN,Men Anti Fit Jeans,1399,2799,0.5,4.1,25
Mast & Harbour,Men Bootcut Jeans,869,2999,21.3,4.1,211
Kotty,Men Low-Rise Cargo  Jeans,639,1999,0.68,4.2,2000
Mufti,Men Mid-Rise Skinny Fit Jeans,1393,3399,0.59,3.8,16
Mast & Harbour,Men Stretchable Jeans,758,2299,0.67,3.4,441
Urbano Fashion,Men Slim Fit Jeans,629,1399,0.55,4,22300
FUGAZEE,Men Relaxed Fit Jeans,2099,3499,0.4,3.7,124
The Indian Garage Co,Men Slim Fit Mid-Rise Jeans,659,1999,0.67,4,1600
Roadster,Men Black Faded Casual Jeans,774,2499,0.69,3.5,868
French Connection,Men Slim Fit Jeans,1294,3499,0.63,4.4,17
Mast & Harbour,Men Straight Fit Jeans,764,1699,0.55,3.5,38
Roadster,Men Slim Fit Jeans,681,2199,0.69,3.8,185
Mufti,Men Slim Fit Jeans,1553,4199,0.63,3.8,22
Mast & Harbour,Men Slim Tapered Fit Jeans,701,2599,0.73,3.8,314
The Indian Garage Co,Men Pure Cotton Skater Jeans,688,2549,0.73,3.7,35
Mufti,Men Super Skinny Fit Jeans,1393,3399,0.59,3.7,35
The Indian Garage Co,Men Relaxed Fit Jeans,808,2449,0.67,3.5,589
glitchez,Men Straight Fit Jeans,797,1399,0.43,4,230
Mufti,Men Slim Fit Jeans,1649,3299,0.5,4.2,5
Mufti,Men Slim Fit Jeans,1649,3299,0.5,4.2,5
Thomas Scott,Men Bootcut Stretchable Jeans,874,3499,0.75,3.6,234
Mast & Harbour,Men Relaxed Fit Jeans,819,2599,17.8,3.4,252
Mufti,Men Skinny Fit Jeans,1762,4299,0.59,4.9,7
HIGHLANDER,Men Cotton Relaxed Fit Jeans,574,2299,0.75,3.5,234
Mast & Harbour,Men Stretchable Jeans,889,2999,0.7,3.7,189
Mufti,Men Slim Fit Jeans,1214,4499,0.73,4.4,43
Urbano Fashion,Men Relaxed Fit Jeans,944,2099,0.55,3.8,567
Bene Kleed,Men Wide Leg High-Rise Jeans,1035,2799,0.63,3.9,45
Mufti,Men Skinny Fit Jeans,2149,4299,0.5,3.9,45
Mast & Harbour,Men Slim Fit Mid-Rise Jeans,764,1699,0.55,4,9
HIGHLANDER,Men Relaxed Fit Cotton Jeans,791,2399,0.67,3.6,2800
Mufti,Men Slim Fit Stretchable Jeans,1332,4299,0.69,3.4,87
Bene Kleed,Men Straight Fit Jeans,989,2999,0.67,4.1,73
V-Mart,Men Straight Fit Jeans,809,899,0.1,3.5,41
Flying Machine,Men Relaxed Fit Jeans,1424,2499,0.43,4.1,8
Urbano Fashion,Men Relaxed Fit Cotton Jeans,1079,2399,0.55,4,485
The Indian Garage Co,Men Relaxed Fit Jeans,661,2449,0.73,3.8,127
Levis,Men 511 Slim Fit Jeans,2079,3199,0.35,4.2,794
Kotty,Men Regular Fit Mid-Rise Jeans,659,1999,0.67,3.4,21
Urbano Fashion,Men Bootcut Jeans,944,2099,0.55,4.1,1100
Levis,Men Regular Fit Jeans,944,2099,0.55,4.1,1100
Roadster,Men Relaxed Fit Jeans,645,1699,0.62,3.6,45
Mast & Harbour,Men Cotton Regular Fit Jeans,1121,2199,0.49,1.8,423
Flying Machine,Men Tapered Fit Jeans,1829,2999,0.39,1.8,423
Bene Kleed,Men Straight Fit Jeans,979,3499,0.72,3.5,115
Nautica,Men Slim Fit Jeans,1088,3299,0.67,4.5,30
Flying Machine,Men Micheal Slim Fit Jeans,1559,2599,0.4,4.1,554
Bene Kleed,Men High-Rise Baggy Fit Jeans,983,2399,0.59,3.6,34
Urbano Fashion,Men Mid Rise Bootcut Jeans,899,1999,0.55,4.2,1200
Mufti,Men Slim Fit Mid-Rise Jeans,1332,4299,0.69,4.1,24
MASTERLY WEFT,Men Mid-Rise Stretchable Jeans,959,1999,0.52,3.2,6
Kotty,Men Low-Rise Jeans,619,1999,0.69,4.4,25
Flying Machine,Men Super Skinny Fit Jeans,1649,2999,0.45,4.4,25
The Indian Garage Co,Men Slim Fit Jeans,659,1999,0.67,3.8,1400
glitchez,Men Baggy Loose Jeans,747,2199,0.66,3.3,65
Flying Machine,Men Slim Fit Mid-Rise Jeans,1448,2299,0.37,3.3,65
Mast & Harbour,Relaxed Fit Jeans,831,2599,0.68,3.6,203
Bene Kleed,Men Straight Fit Cotton Jeans,1049,2999,0.65,3.5,32
Mufti,Men Slim Fit Jeans,2149,4299,0.5,3.4,5
Roadster,Men Cotton Mid Rise Jeans,919,2299,0.6,3.9,61
HIGHLANDER,Men Wide Leg Cotton Jeans,1099,2799,17,3.9,236
Flying Machine,Men Slim Fit Jeans,1707,2799,0.39,3.9,236
Mast & Harbour,Men Relaxed Fit Jeans,883,3399,0.74,4.1,703
HIGHLANDER,Men Slim Fit Jeans,675,1299,0.48,3.8,13700
Flying Machine,Men Slim Fit Jeans,1829,2999,0.39,3.8,13700
Sztori,Plus Size Stretchable Jeans,863,2699,0.68,4.4,555
HERE&NOW,Men Bootcut Jeans,869,2499,16.3,4.2,374
Flying Machine,Non Stretchable Cotton Jeans,1829,2999,0.39,4.2,374
Roadster,Men Pure Cotton Jeans,917,3399,0.73,4,534
Roadster,Men Straight Fit Jeans,599,1499,0.6,4.2,80
TURMS,30 Days No Wash Jeans,3499,4999,15,3.7,22
Roadster,Men Cotton Baggy-Fit Jeans,1024,2499,0.59,3.9,355
Bene Kleed,Mid-Rise Heavy Fade Jeans,989,2999,0.67,3.5,100
Flying Machine,Men Slim Fit Cotton Jeans,1829,2999,0.39,3.5,100
WROGN,Men Slim Fit Jeans,919,2299,0.6,4.5,15
Roadster,Men Pure Cotton Jeans,725,2199,0.67,3.9,225
WROGN,Men Relaxed Fit Mid-Rise Jeans,1594,2899,0.45,4.3,25
Nautica,Men Straight Fit Jeans,1385,3299,0.58,4.4,76
WROGN,Men Anti fit Light Fade Jeans,1268,2699,0.53,4.2,37
Flying Machine,Men Slim Fit Jeans,1471,2299,0.36,4.2,37
HIGHLANDER,Men Tapered Fit Jeans,769,1149,0.33,3.6,2100
Roadster,Men Straight Fit Jeans,1074,2499,0.57,3.9,58
Mufti,Men Skinny Fit Jeans,2099,4199,0.5,3.9,58
Roadster,Men Cotton Straight Fit Jeans,979,3499,0.72,3.5,195
The Indian Garage Co,Men Relaxed Fit Jeans,857,2599,0.67,3.7,328
Mufti,Men Slim Fit Stretchable Jeans,1434,3499,0.59,3.7,328
Roadster,Baggy Jeans,874,2499,0.65,3.6,14
glitchez,Men Wide Leg Jeans,725,2199,0.67,3.6,68
Roadster,Men Slim Fit Mid-Rise Jeans,645,1699,0.62,3.3,15
WROGN,Men Relaxed Fit Jeans,1049,2999,0.65,4.6,23
Levis,Men Slim Fit Mid-Rise Jeans,1304,2899,0.55,4.1,232
Flying Machine,Men Slim Fit Jeans,2134,3499,0.39,4.1,232
Thomas Scott,Men Relaxed Fit Cotton Jeans,999,2599,16,3.9,1300
Red Tape,Men Skinny Fit Jeans,1311,6399,50.88,4.1,359
Flying Machine,Men Relaxed Fit Jeans,1829,2999,0.39,4.1,359
Mast & Harbour,Men Straight Fit Jeans,764,1699,0.55,4.5,33
Urbano Fashion,Men Relaxed Fit Cotton Jeans,1079,2399,0.55,3.9,416
Mufti,Men Skinny Fit Jeans,1616,3299,0.51,3.9,416
Mast & Harbour,Men Straight Fit Jeans,827,1799,0.54,4.2,25
Stylecast X Kotty,Men Regular Fit  Jeans,559,1999,0.72,4.1,79
Flying Machine,Men Slim Fit Jeans,1471,2299,0.36,4.1,79
HERE&NOW,Bootcut Jeans,929,2599,16.7,3.9,380
MAAHIT,Men Baggy Mid-Rise Jeans,689,2999,0.77,2.6,14
The Indian Garage Co,Men Bootcut Jeans,808,2449,0.67,3.4,233
glitchez,Men Carrot Fit Jeans,713,1699,0.58,4.2,19
Mufti,Men Skinny Fit Jeans,1499,2999,0.5,4.2,5
FUDE PRIDE,Men Mid-Rise Light Fade Jeans,689,2999,0.77,3.9,35
Bene Kleed,Men Heavy Fade Jeans,839,2999,0.72,3.9,117
Flying Machine,Men Relaxed Fit Jeans,1402,2299,0.39,3.9,117
HERE&NOW,Men Cargo Baggy Mid-Rise Jeans,1325,3899,0.66,2.9,10
Mast & Harbour,Men Slim Fit Mid-Rise Jeans,764,1699,0.55,4.1,40
Flying Machine,Men Slim Fit Cotton Jeans,1599,2499,0.36,4.1,40
Roadster,Men Cotton Relaxed Fit Jeans,911,2399,0.62,4.3,20
StyleCast x Revolte,Wide Leg Medium Shade Jeans,1364,3499,0.61,3.8,103
Mufti,Men Slim Fit Corduroy Jeans,1208,3899,0.69,4.2,56
Roadster,Light Fade Stretchable Jeans,909,2599,0.65,4.2,56
The Indian Garage Co,Men Straight Fit Jeans,959,2399,0.6,4.2,496
Roadster,Men Regular Mid-Rise Jeans,645,1899,0.66,4.1,32
WROGN,Men Loose Fit Jeans,1221,2599,0.53,3.8,58
glitchez,Men Loose Fit Heavy Fade Jeans,615,2199,0.72,4.2,87
Mast & Harbour,Men Straight Fit Jeans,764,1699,0.55,4.4,31
Style Quotient,Men Cotton Cargo Jeans,990,2999,0.66,4.3,2800
Roadster,Men Flared Light Fade Jeans,701,2599,0.73,3.4,24
Thomas Scott,Men Clean Look Jeans,819,3299,24.8,4,220
Urbano Fashion,Men Relaxed Fit Cotton Jeans,1079,2399,0.55,3.1,116
The Indian Garage Co,Men Bootcut Jeans,896,2299,0.61,4.1,151
Roadster,Men Straight Fit Mid-Rise Jeans,645,1699,0.62,3.6,5
Red Tape,Men Skinny Fit Jeans,1379,6899,0.8,4.4,52
Bene Kleed,Mid-Rise Baggy Fit Jeans,989,2999,0.67,3.7,1400
Thomas Scott,Men Smart Stretchable Jeans,824,3299,0.75,4.2,99
WROGN,Men Relaxed Fit Jeans,1385,2199,0.37,4.3,15
glitchez,Men Bootcut Jeans,575,1599,0.64,3.4,59
Urbano Fashion,Men Relaxed Fit Cargo Jeans,1079,2399,0.55,4.1,947
Bene Kleed,Men Relaxed Fit Jeans,988,2299,0.57,4.2,476
Urbano Fashion,Men Relaxed Fit Jeans,944,2099,0.55,4,611
Bene Kleed,Men Cotton Relaxed Fit Jeans,824,3299,0.75,4.1,309
HIGHLANDER,Men Cotton Relaxed Fit Jeans,574,2299,0.75,3.7,86
Mast & Harbour,Men Regular Fit Jeans,827,1799,0.54,3.9,18
Roadster,Men Tapered Fit Jeans,701,2699,0.74,3.7,987
glitchez,Men Straight Fit Jeans,611,1699,0.64,3.9,31
The Indian Garage Co,Men Pure Cotton Skater Jeans,728,2699,0.73,3.7,57
Roadster,Men Straight Fit Jeans,645,1699,0.62,3.9,34
Bene Kleed,Men Relaxed Fit Distress Jeans,951,2799,0.66,3.8,54
WROGN,Men Straight Fit Jeans,1325,2599,0.49,3.9,300
MAAHIT,Men Mid-Rise Baggy Jeans,689,2999,0.77,3.1,49
glitchez,Men Wide Leg Jeans,593,2199,0.73,3.5,65
Kotty,Men Low-Rise Jeans,619,1999,0.69,3.8,859
glitchez,Men Straight Jeans,647,2399,0.73,3.5,124
glitchez,Men Wide Leg Jeans,615,2199,0.72,3.5,79
Thomas Scott,Men Bootcut Jeans,999,3499,25,3.9,401
The Indian Garage Co,Men Slim Fit Jeans,659,1999,0.67,4.1,922
Being Human,Men Slim Fit Jeans,1259,2999,0.58,4.4,14
Roadster,Men Bootcut Jeans,1199,2999,0.6,4.1,165
Peter England Casuals,Men Solid Jeans,1379,2299,0.4,4.2,186
bigbanana,Men Plus Size Jeans,1311,3199,0.59,3.7,29
PARIS HAMILTON,Men Bootcut Mid-Rise Jeans,899,1999,0.55,3.8,12
glitchez,Men Loose Fit Ripped Jeans,639,1999,0.68,3.8,63
Stylecast X Kotty,Men Regular Fit Mid-Rise Jeans,559,1999,0.72,3.8,114
Urbano Fashion,Men Slim Fit Jeans,674,1499,0.55,4,300
Kotty,Men Stretchable Jeans,619,1999,0.69,3.8,689
Dennis Lingo,Straight Fit Mid-Rise Jeans,712,2299,0.69,4.2,12
Urbano Fashion,Men Relaxed Fit Jeans,1149,2299,0.5,3.7,711
HERE&NOW,Men Pure Cotton Baggy Jeans,1349,2999,0.55,2.9,15
Roadster,Men Loose Light Jeans,831,2599,0.68,4.4,66
glitchez,Men Flared Jeans,647,2399,0.73,3.7,80
The Indian Garage Co,Men Slim Fit Jeans,873,2299,0.62,3.8,2700
Bene Kleed,Pure Cotton Straight Fit Jeans,974,2499,0.61,4,1100
HIGHLANDER,Men Tapered Fit Jeans,492,1449,0.66,3.8,4100
Roadster,Men Slim Fit Jeans,459,999,0.54,3.6,756
WROGN,Men Loose Fit Cotton Jeans,1374,2499,0.45,4.2,57
Flying Machine,Men Slim Fit Jeans,1829,2999,0.39,4.6,5
RIG BONE,Men Mid-Rise Baggy Jeans,980,3999,30.19,3.5,6
HERE&NOW,Men Baggy Fit Jeans,985,2899,0.66,3.4,40
WROGN,Men Anti Fit Jeans,1623,2799,0.42,4.2,42
HIGHLANDER,Men Tapered Fit Jeans,809,2249,0.64,3.8,257
Bene Kleed,Men Relaxed Fit Jeans,873,2299,0.62,4.1,4000
Roadster,Men Regular Fit Mid-Rise Jeans,759,1899,0.6,4,63
PARIS HAMILTON,Men Bootcut Jeans,899,1999,0.55,4,283
Urbano Fashion,Men Stretchable Jeans,809,1799,0.55,4.1,1900
Flying Machine,Slim Fit Stretchable Jeans,1829,2999,0.39,4.1,1900
Flying Machine,Men Slim Fit Mid-Rise Jeans,1367,2399,0.43,4.1,30
HIGHLANDER,Men Relaxed Fit Jeans,674,2699,0.75,3.1,205
Levis,Men 511 Slim Fit Jeans,1478,2899,0.49,4.3,264
Roadster,Men Straight Fit Jeans,645,1699,0.62,4.3,264
ASHTOM,Men High-Rise Jeans,799,2999,22,3.7,55
Calvin Klein Jeans,Men Slim Fit Jeans,799,2999,22,3.7,55
Roadster,Men Slim Fit Jeans,719,2399,0.7,3.8,369
Roadster,Men Straight Fit Mid-Rise Jeans,611,1699,0.64,3.8,369
WROGN,Men Slim Fit Stretchable Jeans,1275,2199,0.42,4.2,130
FOUL CHILD,Men Flared Mid-Rise Jeans,1407,2969,0.52,3.5,46
Roadster,Men Pure Cotton Bootcut Jeans,805,2599,0.69,3.6,42
Flying Machine,Men Relaxed Fit Jeans,2309,3499,0.34,3.6,42
glitchez,Men Jeans,615,2199,0.72,3.3,56
Roadster,Men Regular Fit Jeans,782,2699,0.71,3.8,740
Levis,Men 511 Slim Fit Jeans,2079,3999,0.48,3.9,31
WROGN,Men Straight Stretchable Jeans,1385,2199,0.37,3.9,31
glitchez,Men Flared Jeans,719,2399,0.7,4,40
Flying Machine,Men Slim Fit Jeans,1549,2499,0.38,4,40
WROGN,Men Baggy Fit Cotton Jeans,1268,2699,0.53,3.5,21
Roadster,Men Regular Fit Jeans,779,2599,0.7,3.9,16
WROGN,Men Anti Fit Jeans,1399,2799,0.5,4.1,25
Roadster,Men Straight Fit Jeans,509,1699,0.7,4.1,25
HIGHLANDER,Men Mid-Rise Jeans,620,2299,0.73,3.4,230
Mufti,Men Mid-Rise Skinny Fit Jeans,1393,3399,0.59,3.8,16
Roadster,Men Cotton Wide Leg Jeans,774,2499,0.69,3.9,86
glitchez,Men Korean Baggy Fit Jeans,615,2199,0.72,3.9,72
FUGAZEE,Men Relaxed Fit Jeans,2099,3499,0.4,3.7,124
WROGN,Men Straight Fit Jeans,1259,1999,0.37,4.4,16
max,Men Mid-Rise Cotton Jeans,649,699,0.5,4,167
French Connection,Men Slim Fit Jeans,1294,3499,0.63,4.4,17
Roadster,Men Regular Fit Mid-Rise Jeans,743,2399,0.69,3.8,21
The Indian Garage Co,Men Carrot Fit Jeans,919,2299,0.6,4.2,936
Mufti,Men Slim Fit Jeans,1553,4199,0.63,3.8,22
glitchez,Men Relaxed Fit Jeans,628,1699,0.63,4.1,163
Nautica,Men Slim Fit Mid-Rise Jeans,985,2899,0.66,4.4,28
Mufti,Men Super Skinny Fit Jeans,1393,3399,0.59,4.4,28
Stylecast X Kotty,Men Mid-Rise Jeans,499,1999,0.75,3.9,86
Bene Kleed,Men Regular Fit Mid-Rise Jeans,857,2599,0.67,3.8,60
Mufti,Men Slim Fit Jeans,1649,3299,0.5,4.2,5
WROGN,Men Loose Fit Cotton Jeans,1374,2499,0.45,4.2,57
Flying Machine,Men Slim Fit Jeans,1829,2999,0.39,4.6,5
SPYKAR,Men Narrow Leg Jeans,1253,3299,0.62,4.4,10
Roadster,Men Straight Fit Jeans,675,2599,0.74,3.5,10
WROGN,Men Anti Fit Jeans,1623,2799,0.42,4.2,42
glitchez,Men wide leg Fit Jeans,532,1299,0.59,3.6,79
The Indian Garage Co,Men Relaxed Fit Jeans,939,2349,0.6,3.8,331
Roadster,Men Regular Fit Mid-Rise Jeans,759,1899,0.6,4,63
Roadster,Men Slim Fit Mid-Rise Jeans,679,1699,0.6,3.8,12
glitchez,MenLoose Bootcut Jeans,857,2199,0.61,3.4,469
Flying Machine,Slim Fit Stretchable Jeans,1829,2999,0.39,3.4,469
HIGHLANDER,Men Tapered Fit Jeans,1169,2599,0.55,3.7,34
The Indian Garage Co,Men Slim Fit Jeans,857,2599,0.67,4.1,253
Levis,Men 511 Slim Fit Jeans,1478,2899,0.49,4.3,264
Being Human,Men Straight Fit Jeans,1109,2999,0.63,3.8,22
Kotty,Men Low-Rise Jeans,519,1999,0.74,3.7,250
Calvin Klein Jeans,Men Slim Fit Jeans,519,1999,0.74,3.7,250
Roadster,Men Straight Fit Jeans,805,2599,0.69,4,9
WROGN,Men Straight Fit Jeans,1259,1999,0.37,4,9
WROGN,Men Slim Fit Stretchable Jeans,1275,2199,0.42,4.2,130
Roadster,Men Slim Fit Jeans,791,2399,0.67,4,192
glitchez,Men Relaxed Jeans,539,1999,0.73,3.5,89
Flying Machine,Men Relaxed Fit Jeans,2309,3499,0.34,3.5,89
The Indian Garage Co,Men Bootcut Jeans,808,2449,0.67,4.1,1100
HIGHLANDER,Men Relaxed Fit Jeans,729,2249,15.2,3.8,1500
Levis,Men 511 Slim Fit Jeans,2079,3999,0.48,3.9,31
Mast & Harbour,Men Relaxed Fit Jeans,611,1699,0.64,3.6,90
glitchez,Men Baggy Fit Jeans,857,2199,0.61,4,30
Flying Machine,Men Slim Fit Jeans,1549,2499,0.38,4,30
The Indian Garage Co,Men Bootcut Jeans,930,2449,0.62,4.3,765
Roadster,Men Relaxed Cargo Style Jeans,749,1499,0.5,4.2,78
WROGN,Men Anti Fit Jeans,1399,2799,0.5,4.1,25
FUDE PRIDE,Men Mid-Rise Jeans,689,2999,0.77,3.1,41
Roadster,Men Straight Fit Jeans,628,1699,0.63,4.3,7
Mufti,Men Mid-Rise Skinny Fit Jeans,1393,3399,0.59,3.8,16
Roadster,Men Straight Fit Jeans,695,2399,0.71,4.4,10
WROGN,Men Slim Fit Jeans,999,2499,0.6,4,806
FUGAZEE,Men Relaxed Fit Jeans,2099,3499,0.4,3.7,124
Mast & Harbour,Mid-Rise Relaxed Fit Jeans,764,1699,0.55,4.1,18
Urbano Fashion,Men Relaxed Fit Jeans,1169,2599,0.55,4,63
French Connection,Men Slim Fit Jeans,1294,3499,0.63,4.4,17
Roadster,Men Relaxed Fit Jeans,899,2999,0.7,4,338
WROGN,Men Slim Tapered Fit Jeans,1385,2199,0.37,4.6,5
Mufti,Men Slim Fit Jeans,1553,4199,0.63,3.8,22
DENIMLOOK,Men Jeans,749,2599,18.5,4.3,22
HERE&NOW,Men Straight Fit Jeans,798,1699,0.53,4,45
Mufti,Men Super Skinny Fit Jeans,1393,3399,0.59,4,45
SPYKAR,Men Loose Fit Cotton Jeans,1332,3099,0.57,4,67
The Indian Garage Co,Men Relaxed Fit Jeans,940,2849,0.67,4.3,118
Mufti,Men Slim Fit Jeans,1649,3299,0.5,4.2,5
WROGN,Men Loose Fit Cotton Jeans,1374,2499,0.45,4.2,57
Flying Machine,Men Slim Fit Jeans,1829,2999,0.39,4.6,5
WROGN,Men Loose Fit Cotton Jeans,944,2699,0.65,3.9,25
glitchez,Men Carrot Fit Jeans,764,1699,0.55,3.9,25
WROGN,Men Anti Fit Jeans,1623,2799,0.42,4.2,42
glitchez,Men Relaxed Fit Jeans,679,1699,0.6,4,138
Mast & Harbour,Men Carrot Fit Jeans,776,2099,0.63,4,292
Roadster,Men Regular Fit Mid-Rise Jeans,759,1899,0.6,4,63
Roadster,Men Relaxed Fit Jeans,805,2599,0.69,3.7,107
Mast & Harbour,Men Straight Fit Jeans,764,1699,0.55,3.7,107
Flying Machine,Slim Fit Stretchable Jeans,1829,2999,0.39,3.7,107
Mast & Harbour,Straight Fit Stretchable Jeans,764,1699,0.55,4.1,15
glitchez,Men Relaxed Fit Cargo Jeans,571,2199,0.74,3.7,97
Levis,Men 511 Slim Fit Jeans,1478,2899,0.49,4.3,264
glitchez,Men Carrot Fit Jeans,560,1699,0.67,3.8,128
Bene Kleed,Pure Cotton Relaxed Fit Jeans,965,2299,0.58,3.9,1700
Calvin Klein Jeans,Men Slim Fit Jeans,965,2299,0.58,3.9,1700
Stylecast X Kotty,Men Regular Fit Cargo Jeans,679,1999,0.66,3.9,1700
HERE&NOW,Men Slim Fit Jeans,689,1499,0.54,4,27
WROGN,Men Slim Fit Stretchable Jeans,1275,2199,0.42,4.2,130
HERE&NOW,Men Baggy Fit Jeans,985,2899,0.66,3.4,41
Snitch,Stretchable Bootcut Jeans,899,1799,0.5,3.4,41
Flying Machine,Men Relaxed Fit Jeans,2309,3499,0.34,3.4,41
HERE&NOW,Men Mid Rise Stretchable Jeans,719,2199,14.8,4,60
MASTERLY WEFT,Men Mid-Rise Jeans,799,1999,0.6,1.8,12
Levis,Men 511 Slim Fit Jeans,2079,3999,0.48,3.9,31
HERE&NOW,Men Slim Fit Cotton Jeans,689,1599,9.1,4,1600
Roadster,Men Baggy Fit Jeans,909,2599,0.65,3.9,37
Flying Machine,Men Slim Fit Jeans,1549,2499,0.38,3.9,37
glitchez,Men Relaxed Jeans,527,2399,0.78,3.9,46
Roadster,Men Cotton Straight Fit Jeans,719,1999,0.64,3.5,56
WROGN,Men Anti Fit Jeans,1399,2799,0.5,4.1,25
Roadster,Men Bleached Cotton Jeans,805,2599,0.69,3.8,9
glitchez,Men Low-Distress WideLeg Jeans,703,1599,0.56,2.9,18
Mufti,Men Mid-Rise Skinny Fit Jeans,1393,3399,0.59,3.8,16
Roadster,Men Slim Fit Jeans,584,1299,0.55,3.8,980
Roadster,Men Straight Fit Jeans,599,1499,0.6,3.9,84
FUGAZEE,Men Relaxed Fit Jeans,2099,3499,0.4,3.7,124
Thomas Scott,Men Relaxed Fit Cotton Jeans,979,2599,16.2,3.8,179
Roadster,Men Relaxed Fit Cotton Jeans,799,2499,0.68,3.9,105
French Connection,Men Slim Fit Jeans,1294,3499,0.63,4.4,17
Roadster,Men Bootcut Jeans,755,2799,0.73,3.5,80
Mast & Harbour,Men Regular Fit Mid-Rise Jeans,773,1799,0.57,3.5,80
Mufti,Men Slim Fit Jeans,1553,4199,0.63,3.8,22
WROGN,Men Stretchable Jeans,874,2499,0.65,3.9,23
Urbano Fashion,Men Relaxed Fit Jeans,1169,2599,0.55,3.5,28
Mufti,Men Super Skinny Fit Jeans,1393,3399,0.59,3.5,28
Roadster,Men Mid Rise Cotton Jeans,727,2599,0.72,3.2,152
Bene Kleed,Men Straight Fit Jeans,974,2499,0.61,4,303
Mufti,Men Slim Fit Jeans,1649,3299,0.5,4.2,5
WROGN,Men Loose Fit Cotton Jeans,1374,2499,0.45,4.2,57
Flying Machine,Men Slim Fit Jeans,1829,2999,0.39,4.6,5
WROGN,Men Anti Fit Cargo Jeans,1049,2999,0.65,3.2,6
Roadster,Men Baggy Fit Cotton Jeans,805,2599,0.69,4,37
WROGN,Men Anti Fit Jeans,1623,2799,0.42,4.2,42
HERE&NOW,Men Smart Stretchable Jeans,759,1999,12.4,4,355
Roadster,Men Skater Fit Mid-Rise Jeans,782,2699,0.71,4,355
Roadster,Men Regular Fit Mid-Rise Jeans,759,1899,0.6,4,63
HIGHLANDER,Men Relaxed Fit Jeans,883,2599,0.66,3.9,90
Roadster,Men Relaxed Fit Jeans,1101,2899,0.62,3.5,100
Flying Machine,Slim Fit Stretchable Jeans,1829,2999,0.39,3.5,100
WROGN,Men Slim Fit Mid-Rise Jeans,804,2299,0.65,4.6,9
HERE&NOW,Men Slim Fit Jeans,749,1499,0.5,3.8,28
Levis,Men 511 Slim Fit Jeans,1478,2899,0.49,4.3,264
The Indian Garage Co,Men Straight Fit Jeans,923,2799,0.67,4.2,84
MASCLN SASSAFRAS,Men Mid-Rise Jeans,1199,2999,0.6,4.6,9
Calvin Klein Jeans,Men Slim Fit Jeans,1199,2999,0.6,4.6,9
Roadster,Men Bootcut Jeans,1121,3299,0.66,3.7,245
Stylecast X Kotty,Men Straight Fit Jeans,599,1999,0.7,3.4,149
WROGN,Men Slim Fit Stretchable Jeans,1275,2199,0.42,4.2,130
glitchez,Men Straight Fit Cargo Jeans,791,2199,0.64,3.9,28
Mast & Harbour,Men Relaxed Fit Mid-Rise Jeans,773,1799,0.57,2.8,18
Flying Machine,Men Relaxed Fit Jeans,2309,3499,0.34,2.8,18
WROGN,Men Relaxed Fit Mid-Rise Jeans,1304,2899,0.55,2.8,18
Roadster,Men Baggy Fit Jeans,924,2499,0.63,4.1,38
Levis,Men 511 Slim Fit Jeans,2079,3999,0.48,3.9,31
Mast & Harbour,Men Tapered Fit Jeans,769,2199,0.65,2.7,27
HIGHLANDER,Men Tapered Fit Jeans,1177,3099,0.62,3.9,436
Flying Machine,Men Slim Fit Jeans,1549,2499,0.38,3.9,436
Roadster,Men Relaxed Fit Jeans,1072,2899,0.63,3.4,204
The Indian Garage Co,Men Pure Cotton Jeans,791,2399,0.67,3.9,207
WROGN,Men Anti Fit Jeans,1399,2799,0.5,4.1,25
Roadster,Men Mid-Rise Relaxed Fit Jeans,560,1699,0.67,4.8,14
WROGN,Men Relaxed Fit Jeans,1385,2199,0.37,4.8,14
Mufti,Men Mid-Rise Skinny Fit Jeans,1393,3399,0.59,3.8,16
PARIS HAMILTON,Men Bootcut Jeans,959,1999,0.52,3.5,108
WROGN,Men Pure Cotton Cargo Jeans,1049,2999,0.65,3.7,48
FUGAZEE,Men Relaxed Fit Jeans,2099,3499,0.4,3.7,124
PARIS HAMILTON,Men Straight Fit Jeans,799,1999,0.6,4,505
glitchez,Men Carrot Fit Jeans,543,1699,0.68,3.9,71
French Connection,Men Slim Fit Jeans,1294,3499,0.63,4.4,17
WROGN,Men Slim Fit Jeans,1275,2199,0.42,4.1,92
glitchez,Men Wide Leg Jeans,593,2199,0.73,3.9,97
Mufti,Men Slim Fit Jeans,1553,4199,0.63,3.8,22
WROGN,Men Stretchable Jeans,1299,2599,0.5,3.4,12
HERE&NOW,Men Straight Fit Jeans,874,2499,0.65,3.4,12
Mufti,Men Super Skinny Fit Jeans,1393,3399,0.59,3.4,12
Mast & Harbour,Men Relaxed Fit Jeans,863,2699,0.68,1.7,10
Roadster,Relaxed Fit Mid-Rise Jeans,599,1499,0.6,3.8,12
Mufti,Men Slim Fit Jeans,1649,3299,0.5,4.2,5
WROGN,Men Loose Fit Cotton Jeans,1374,2499,0.45,4.2,57
Flying Machine,Men Slim Fit Jeans,1829,2999,0.39,4.6,5
Roadster,Men Stretchable Jeans,805,2599,0.69,3.7,39
HERE&NOW,Men Pure Cotton Baggy Jeans,1349,2999,0.55,4.1,19
WROGN,Men Anti Fit Jeans,1623,2799,0.42,4.2,42
HERE&NOW,Men Regular Fit Jeans,749,1499,0.5,4.2,29
Roadster,Relaxed Fit Stretchable Jeans,560,1699,0.67,4,8
Roadster,Men Regular Fit Mid-Rise Jeans,759,1899,0.6,4,63
Kook N Keech,Men Relaxed Pure Cotton Jeans,991,3199,0.69,3.5,14
glitchez,Men Loose Fit Jeans,1077,2199,0.51,4.3,22
Flying Machine,Slim Fit Stretchable Jeans,1829,2999,0.39,4.3,22
glitchez,Men Relaxed Fit Cargo Jeans,665,1799,0.63,4,40
WROGN,Men Relaxed Fit Mid-Rise Jeans,1304,2899,0.55,3.5,11
Levis,Men 511 Slim Fit Jeans,1478,2899,0.49,4.3,264
Flying Machine,Men Slim Fit Mid-Rise Jeans,1367,2399,0.43,3.8,29
Stylecast X Kotty,Men Regular Fit Mid-Rise Jeans,499,1999,0.75,3.8,36
Calvin Klein Jeans,Men Slim Fit Jeans,499,1999,0.75,3.8,36
glitchez,Men Baggy Jeans,637,2199,0.71,3.5,46
Kotty,Men Low-Rise Jeans,519,1999,0.74,3.9,284
WROGN,Men Slim Fit Stretchable Jeans,1275,2199,0.42,4.2,130
Playfeel,Men Loose Fit Mid-Rise Jeans,674,2499,0.73,1.7,6
Roadster,Men Slouchy Fit Cargo Jeans,597,2599,0.77,3.7,43
Flying Machine,Men Relaxed Fit Jeans,2309,3499,0.34,3.7,43
Roadster,Men Slim Fit Jeans,629,1399,0.55,3.8,11200
Levis,Men 511 Slim Fit Jeans,2079,3999,0.48,3.9,31
Roadster,Men Bootcut Jeans,759,1899,0.6,4.3,199
Roadster,Men Cargo Styles Jeans,839,2799,0.7,3.5,8
Flying Machine,Men Slim Fit Jeans,1549,2499,0.38,3.5,8
Roadster,Men Straight Fit Jeans,645,1699,0.62,3.4,9
Urbano Fashion,Men Bootcut Light Fade Jeans,1149,2299,0.5,3.9,173
WROGN,Men Anti Fit Jeans,1399,2799,0.5,4.1,25
Roadster,Men Relaxed Fit Jeans,831,2599,0.68,4.3,20
The Indian Garage Co,Men Bootcut Jeans,979,2449,0.6,4.2,553
Mufti,Men Mid-Rise Skinny Fit Jeans,1393,3399,0.59,3.8,16
glitchez,Men Carrot Fit Jeans,713,1699,0.58,4.5,21
Ducati,Men Straight Fit Jeans,1224,3499,0.65,4.3,48
FUGAZEE,Men Relaxed Fit Jeans,2099,3499,0.4,3.7,124
Bene Kleed,Men Straight Fit Jeans,896,2299,0.61,4,480
Roadster,Mid Rise Regular Fit Jeans,924,2499,0.63,3.8,67
French Connection,Men Slim Fit Jeans,1294,3499,0.63,4.4,17
Flying Machine,Men Tapered Fit Jeans,1424,2499,0.43,4.4,7
The Indian Garage Co,Men Slim Fit Jeans,659,1999,0.67,4.1,2100
Mufti,Men Slim Fit Jeans,1553,4199,0.63,3.8,22
Bene Kleed,Men Baggy Light Fade Jeans,839,2999,0.72,3.9,39
MASTERLY WEFT,Men Straight Fit Jeans,959,1999,0.52,3.9,39
Mufti,Men Super Skinny Fit Jeans,1393,3399,0.59,3.9,39
Roadster,Men Relaxed Fit Mid-Rise Jeans,509,1699,0.7,4.4,7
Mast & Harbour,Men Straight Fit Jeans,1169,2599,0.55,4.4,7
Mufti,Men Slim Fit Jeans,1649,3299,0.5,4.2,5
Roadster,Men Slouchy Fit Jeans,909,2599,0.65,4.1,74
WROGN,Men Loose Fit Cotton Jeans,1374,2499,0.45,4.2,57
Flying Machine,Men Slim Fit Jeans,1829,2999,0.39,4.6,5
Roadster,Men Straight Fit Jeans,743,2399,0.69,4.1,27
WROGN,Men Slim Fit Jeans,1333,2299,0.42,4.5,18
WROGN,Men Anti Fit Jeans,1623,2799,0.42,4.2,42
Roadster,Straight Fit Stretchable Jeans,526,1699,0.69,3.6,16
WROGN,Men Slim Ankle Fit Jeans,1333,2299,0.42,3.8,30
Roadster,Men Regular Fit Mid-Rise Jeans,759,1899,0.6,4,63
Urbano Fashion,Men Bootcut Jeans,899,1999,0.55,3.8,285
Roadster,Men Skinny Fit Jeans,839,1999,0.58,3.9,65
Flying Machine,Slim Fit Stretchable Jeans,1829,2999,0.39,3.9,65
WROGN,Men Anti Loose Fit Jeans,874,2499,0.65,2.1,20
Roadster,Men Cotton Baggy Fit Jeans,867,2799,0.69,2.6,15
Levis,Men 511 Slim Fit Jeans,1478,2899,0.49,4.3,264
glitchez,Men Baggy Jeans,559,1999,0.72,3.4,83
PARIS HAMILTON,Men Bootcut Mid-Rise Jeans,939,1999,0.53,3.9,18
Calvin Klein Jeans,Men Slim Fit Jeans,939,1999,0.53,3.9,18
Roadster,Men Baggy Fit Cotton Jeans,701,2599,0.73,3.6,15
glitchez,Men Skinny Fit Jeans,519,1999,0.74,4.5,48
WROGN,Men Slim Fit Stretchable Jeans,1275,2199,0.42,4.2,130
WROGN,Men Straight Fit Jeans,1385,2199,0.37,4,5
Bene Kleed,Men Straight Fit Jeans,974,2499,0.61,4,129
Flying Machine,Men Relaxed Fit Jeans,2309,3499,0.34,4,129
Roadster,Men Straight Fit Jeans,740,1899,0.61,3.7,44
glitchez,Men Wide Leg Jeans,703,2199,0.68,3.7,97
Levis,Men 511 Slim Fit Jeans,2079,3999,0.48,3.9,31
Roadster,Men Relaxed Fit Jeans,1199,2999,0.6,3.8,220
glitchez,Men Straight Fit Jeans,579,1999,0.71,4.1,248
Flying Machine,Men Slim Fit Jeans,1549,2499,0.38,4.1,248
Roadster,Men Ripped Relaxed Fit Jeans,755,2799,0.73,4,29
SPYKAR,Men Regular Fit Cotton Jeans,1101,2899,0.62,3.5,36
WROGN,Men Anti Fit Jeans,1399,2799,0.5,4.1,25
Mast & Harbour,Men Slim Fit Mid-Rise Jeans,764,1699,0.55,3.1,36
Roadster,Men Straight Fit Jeans,849,1699,0.5,3.8,50
Mufti,Men Mid-Rise Skinny Fit Jeans,1393,3399,0.59,3.8,16
The Indian Garage Co,Men Slim Fit Jeans,659,1999,0.67,4.1,1800
Roadster,Men Straight Fit Jeans,607,1899,0.68,4.3,8
FUGAZEE,Men Relaxed Fit Jeans,2099,3499,0.4,3.7,124
Roadster,Men Cotton Straight Fit Jeans,929,2999,0.69,3.6,36
The Indian Garage Co,Men Relaxed Fit Jeans,758,2299,0.67,3.5,137
French Connection,Men Slim Fit Jeans,1294,3499,0.63,4.4,17
Stylecast X Kotty,Men Regular Fit Mid-Rise Jeans,539,1999,0.73,3.7,54
Roadster,Men Pure Cotton Bootcut Jeans,805,2599,0.69,4.2,41
Mufti,Men Slim Fit Jeans,1553,4199,0.63,3.8,22
Bene Kleed,Straight Fit Mid-Rise Jeans,974,2499,0.61,3.9,7
Roadster,Men Regular Fit Jeans,849,1699,0.5,4,41
Mufti,Men Super Skinny Fit Jeans,1393,3399,0.59,4,41
Mast & Harbour,Men Slim Tapered Fit Jeans,827,2299,0.64,3.6,353
Roadster,Men Relaxed Fit Cargo Jeans,1072,2899,0.63,4.1,454
Mufti,Men Slim Fit Jeans,1649,3299,0.5,4.2,5
WROGN,Men Loose Fit Cotton Jeans,1374,2499,0.45,4.2,57
Flying Machine,Men Slim Fit Jeans,1829,2999,0.39,4.6,5
Roadster,Men Straight Fit Mid-Rise Jeans,645,1699,0.62,3.5,28
Bene Kleed,Men Straight Fit Jeans,974,2499,0.61,3.9,44
WROGN,Men Anti Fit Jeans,1623,2799,0.42,4.2,42
glitchez,Men Baggy Fit Jeans,571,2199,0.74,3.8,84
Thomas Scott,Mid-Rise Baggy Cotton Jeans,909,3299,23.9,4,35
Roadster,Men Regular Fit Mid-Rise Jeans,759,1899,0.6,4,63
The Indian Garage Co,Men Cropped Jeans,721,1899,0.62,4.2,1200
Roadster,Men Relaxed Fit Jeans,929,2999,0.69,4.4,59
Flying Machine,Slim Fit Stretchable Jeans,1829,2999,0.39,4.4,59
glitchez,Men Wide Leg Jeans,659,2199,0.7,3.8,45
me Queen,Men Wide Leg Pure Cotton Jeans,949,1899,0.5,4.3,6
Levis,Men 511 Slim Fit Jeans,1478,2899,0.49,4.3,264
glitchez,Men Loose Fit Frayed Jeans,571,2199,0.74,4,52
Dennis Lingo,Men Straight Fit Jeans,999,2799,18,4.1,565
Calvin Klein Jeans,Men Slim Fit Jeans,999,2799,18,4.1,565
glitchez,Men Wide Leg Jeans,659,2199,0.7,3.3,38
SPYKAR,Men Tapered Fit Jeans,1332,3099,0.57,4.1,42
WROGN,Men Slim Fit Stretchable Jeans,1275,2199,0.42,4.2,130
glitchez,Men Low-Distress WideLeg Jeans,703,1599,0.56,3,40
Flying Machine,Men Relaxed Fit Jeans,2309,3499,0.34,3,40
WROGN,Men Straight Stretchable Jeans,1259,1999,0.37,4.1,9
WROGN,Men Bootcut Mid-Rise Jeans,909,2599,0.65,3.3,34
Levis,Men 511 Slim Fit Jeans,2079,3999,0.48,3.9,31
Mast & Harbour,Men Bootcut Fit Cotton Jeans,747,2199,0.66,4.1,25
Roadster,Men Straight Fit Jeans,831,2599,0.68,4,32
Flying Machine,Men Slim Fit Jeans,1549,2499,0.38,4,32
WROGN,Men Baggy Pure Cotton Jeans,1295,2699,0.52,3.3,17
Mast & Harbour,Men Slim Fit Stretchable Jeans,791,2199,0.64,3.9,16
WROGN,Men Anti Fit Jeans,1399,2799,0.5,4.1,25
glitchez,Men Cotton Wide Leg Jeans,735,1599,0.54,3.3,76
Roadster,Men Pure Cotton Cargo Jeans,1259,3599,0.65,3.9,252
Mufti,Men Mid-Rise Skinny Fit Jeans,1393,3399,0.59,3.8,16
WROGN,Men Bootcut Jeans,1295,2699,0.52,4,165
Mast & Harbour,Men Bootcut Jeans,747,2199,0.66,3,44
FUGAZEE,Men Relaxed Fit Jeans,2099,3499,0.4,3.7,124
Roadster,Men Wide Leg Jeans,805,2599,0.69,3.8,8
glitchez,Men Baggy Loose Fit Jeans,571,2199,0.74,3.9,97
French Connection,Men Slim Fit Jeans,1294,3499,0.63,4.4,17
Roadster,Light Fade Stretchable Jeans,599,1499,0.6,3.8,92
The Indian Garage Co,Men Skinny Fit Jeans,620,2299,0.73,4.1,301
Mufti,Men Slim Fit Jeans,1553,4199,0.63,3.8,22
Roadster,Men Relaxed Fit Mid-Rise Jeans,577,1699,0.66,4.6,5
glitchez,Men Straight Fit Jeans,741,1399,0.47,3.7,199
Mufti,Men Super Skinny Fit Jeans,1393,3399,0.59,3.7,199
Campus Sutra,Men Regular Fit Denim Jeans,1287,2799,0.54,2.3,54
Roadster,Men Straight Fit Cotton Jeans,949,2499,0.62,3.6,43
Mufti,Men Slim Fit Jeans,1649,3299,0.5,4.2,5
SPYKAR,Men Slim Fit Low-Rise Jeans,1101,2899,0.62,4,25
WROGN,Men Loose Fit Cotton Jeans,1374,2499,0.45,4.2,57
Flying Machine,Men Slim Fit Jeans,1829,2999,0.39,4.6,5
WROGN,Men Mid-Rise Cargo Jeans,1315,2799,0.53,4,165
WROGN,Men Anti Fit Jeans,1623,2799,0.42,4.2,42
WROGN,Men Regular Fit Mid-Rise Jeans,979,2799,0.65,4.1,15
Roadster,Light Fade Baggy Jeans,811,2799,0.71,3.2,24
Roadster,Men Regular Fit Mid-Rise Jeans,759,1899,0.6,4,63
glitchez,Men Baggy Fit Jeans,719,1999,0.64,3.8,176
Kook N Keech,Men Pure Cotton Baggy Jeans,991,3199,0.69,4.3,7
Flying Machine,Slim Fit Stretchable Jeans,1829,2999,0.39,4.3,7
WROGN,Men Anti Fit Jeans,909,2599,0.65,3.9,32
WROGN,Men Baggy Fit Jeans,1049,2999,0.65,3.8,20
Levis,Men 511 Slim Fit Jeans,1478,2899,0.49,4.3,264
Thomas Scott,Men Mid-Rise Jogger Jeans,899,2399,15,3.8,43
Urbano Fashion,Men Relaxed Fit Jeans,1169,2599,0.55,4.1,34
Calvin Klein Jeans,Men Slim Fit Jeans,1169,2599,0.55,4.1,34
glitchez,Men Jeans,615,2199,0.72,3.4,107
Roadster,Men Wide Leg Light Fade Jeans,805,2599,0.69,3.7,51
WROGN,Men Slim Fit Stretchable Jeans,1275,2199,0.42,4.2,130
Nautica,Men Slim Fit Mid-Rise Jeans,985,2899,0.66,4.4,26
me Queen,Men Straight Fit Cargo Styles,949,1899,0.5,3.5,6
Flying Machine,Men Relaxed Fit Jeans,2309,3499,0.34,3.5,6
Roadster,Men Straight Fit Jeans,628,1699,0.63,3.9,32
Urbano Fashion,Men Skinny Fit Cotton Jeans,899,1999,0.55,3.8,398
Levis,Men 511 Slim Fit Jeans,2079,3999,0.48,3.9,31
Roadster,Men Relaxed Fit Cargo Jeans,899,2999,0.7,3.7,18
STUDIO NEXX,Men Mid-Rise Jeans,899,2499,0.64,3.8,6
Flying Machine,Men Slim Fit Jeans,1549,2499,0.38,3.8,6
PARIS HAMILTON,Men Bootcut Jeans,959,1999,0.52,4,267
Roadster,Men Slim Fit Jeans,662,1699,0.61,3.8,1200
WROGN,Men Anti Fit Jeans,1399,2799,0.5,4.1,25
glitchez,Men Relaxed Pleated Jeans,839,1999,0.58,4.1,25
Roadster,Men Tapered Fit Jeans,701,2699,0.74,3.9,1200
Mufti,Men Mid-Rise Skinny Fit Jeans,1393,3399,0.59,3.8,16
Roadster,Men Pure Cotton Cargo Jeans,779,2599,0.7,4.3,86
Roadster,Men Cotton Regular Fit Jeans,753,2599,0.71,3.8,25
FUGAZEE,Men Relaxed Fit Jeans,2099,3499,0.4,3.7,124
HERE&NOW,Men Mid Rise Baggy Fit Jeans,927,2899,0.68,3.8,29
Roadster,Relaxed Fit Stretchable  Jeans,519,1299,0.6,4.2,15
French Connection,Men Slim Fit Jeans,1294,3499,0.63,4.4,17
Mast & Harbour,Men Bootcut Jeans,899,2999,0.7,4.2,24
Mast & Harbour,Printed Baggy Fit Jeans,805,2599,0.69,4.2,19
Mufti,Men Slim Fit Jeans,1553,4199,0.63,3.8,22
Roadster,Men Straight Fit Jeans,594,1699,0.65,3.8,22
StyleCast x Revolte,Men Wide Leg Jeans,1304,2899,0.55,3.8,131
Mufti,Men Super Skinny Fit Jeans,1393,3399,0.59,3.8,131
Powerlook,Men Baggy Fit Jeans,1297,2199,0.41,4.2,777
Cantabil,Men Clean Look Jeans,1259,3599,0.65,4.2,10
Mufti,Men Slim Fit Jeans,1649,3299,0.5,4.2,5
WROGN,Men Pure Cotton Cargo Jeans,1039,2599,0.6,3.9,42
WROGN,Men Loose Fit Cotton Jeans,1374,2499,0.45,4.2,57
Flying Machine,Men Slim Fit Jeans,1829,2999,0.39,4.6,5
Roadster,Men Cotton Loose Fit Jeans,883,2599,0.66,3,9
Roadster,Light Fade Stretchable Jeans,699,2799,0.75,4,26
WROGN,Men Anti Fit Jeans,1623,2799,0.42,4.2,42
Roadster,Men Straight Mid-Rise Jeans,628,1699,0.63,3.8,25
glitchez,Men Loose Bootcut Fit Jeans,571,2199,0.74,3.9,78
Roadster,Men Regular Fit Mid-Rise Jeans,759,1899,0.6,4,63
glitchez,Men Light Jogger Jeans,681,2199,0.69,4.6,21
Thomas Scott,Men Tapered Fit Jeans,979,3499,25.2,3.5,81
Flying Machine,Slim Fit Stretchable Jeans,1829,2999,0.39,3.5,81
Kook N Keech,Men Straight Pure Cotton Jeans,929,2999,0.69,4.4,24
glitchez,Men Loose Fit Cargo Jeans,1151,2399,0.52,2.3,42
Levis,Men 511 Slim Fit Jeans,1478,2899,0.49,4.3,264
Roadster,Men Straight Fit Jeans,645,1699,0.62,3.2,5
Aeropostale,Men Straight Fit Jeans,1259,3499,0.64,4.7,11
Calvin Klein Jeans,Men Slim Fit Jeans,1259,3499,0.64,4.7,11
Roadster,Men Straight Fit Jeans,675,2599,0.74,4.2,26
glitchez,Men Regular Fit Jeans,543,1699,0.68,4.1,76
WROGN,Men Slim Fit Stretchable Jeans,1275,2199,0.42,4.2,130
SF JEANS by Pantaloons,Men Straight Fit Jeans,1049,1399,0.25,3.8,6
MASTERLY WEFT,Men Jeans,959,1999,0.52,2.1,15
Flying Machine,Men Relaxed Fit Jeans,2309,3499,0.34,2.1,15
Roadster,Men Straight Fit Jeans,626,1899,0.67,4,64
Roadster,Men Slim Fit Jeans,539,1499,0.64,3.9,1600
Levis,Men 511 Slim Fit Jeans,2079,3999,0.48,3.9,31
Roadster,Men Cotton Straight Fit Jeans,674,2499,0.73,3.3,493
Mast & Harbour,Men Loose Tapered Fit Jeans,942,2299,0.59,3.3,493
Flying Machine,Men Slim Fit Jeans,1549,2499,0.38,3.3,493
Roadster,Men Straight Fit Jeans,594,1699,0.65,3.3,493
Stylecast X Kotty,Men Regular Fit Cargo Jeans,719,1999,0.64,3.9,78
WROGN,Men Anti Fit Jeans,1399,2799,0.5,4.1,25
glitchez,Men Baggy Loose Fit Jeans,703,2199,0.68,4.2,66
Dennis Lingo,Men Relaxed Fit Jeans,1350,3599,22.49,3.8,866
Mufti,Men Mid-Rise Skinny Fit Jeans,1393,3399,0.59,3.8,16
Roadster,Men Loose Crop Cotton Jeans,779,2599,0.7,3.4,18
FCUK,Pure Cotton Tapered Fit Jeans,1199,2999,0.6,4,80
FUGAZEE,Men Relaxed Fit Jeans,2099,3499,0.4,3.7,124
Mast & Harbour,Men Straight Fit Jeans,836,2699,0.69,3.7,29
Hardsoda by The Indian Garage Co,Men Plus Size Jogger,1238,2949,0.58,3.7,29
French Connection,Men Slim Fit Jeans,1294,3499,0.63,4.4,17
glitchez,Men Loose Fit Jeans,619,1999,0.69,4.2,26
Roadster,Straight Fit Light Fade Jeans,753,2599,0.71,3.8,19
Mufti,Men Slim Fit Jeans,1553,4199,0.63,3.8,22
Playfeel,Men Mid-Rise Baggy Jeans,699,2499,0.72,2.3,34
Mufti,Men Super Skinny Fit Jeans,1393,3399,0.59,2.3,34
Roadster,Light Fade Stretchable Jeans,594,1699,0.65,4.5,8
glitchez,Men Korean Baggy Jeans,681,2199,0.69,3.9,89
Mufti,Men Slim Fit Jeans,1649,3299,0.5,4.2,5
Kolor Fusion,Men Jeans,999,2499,0.6,3.6,9
WROGN,Men Loose Fit Cotton Jeans,1374,2499,0.45,4.2,57
Flying Machine,Men Slim Fit Jeans,1829,2999,0.39,4.6,5
Being Human,Men Slim Fit Jeans,1169,2999,0.61,4.2,14
Roadster,Straight Fit Stretchable Jeans,560,1699,0.67,3.4,12
WROGN,Men Anti Fit Jeans,1623,2799,0.42,4.2,42
glitchez,Men Loose Bootcut Jeans,615,2199,0.72,3.6,55
Mast & Harbour,Mid-Rise Cargo Styles Jeans,979,2799,0.65,3.6,55
Roadster,Men Regular Fit Mid-Rise Jeans,759,1899,0.6,4,63
HERE&NOW,Men Straight Fit Jeans,730,1699,0.57,3.5,10
Roadster,Men Straight Fit Jeans,519,1299,0.6,3.5,369
Flying Machine,Slim Fit Stretchable Jeans,1829,2999,0.39,3.5,369
Mast & Harbour,Men Printed Stretchable Jeans,769,2199,0.65,4.1,27
The Indian Garage Co,Men Slim Fit Jeans,758,2299,0.67,4.2,2100
Levis,Men 511 Slim Fit Jeans,1478,2899,0.49,4.3,264
Roadster,Men Straight Fit Jeans,809,2699,0.7,4,6
glitchez,Men Korean Baggy Fit Jeans,637,2199,0.71,4.1,91
Calvin Klein Jeans,Men Slim Fit Jeans,637,2199,0.71,4.1,91
WROGN,Men Anti Fit Jeans,874,2499,0.65,4.3,32
Roadster,Men Light Fade Relaxed Jeans,869,2999,0.71,3.7,50
WROGN,Men Slim Fit Stretchable Jeans,1275,2199,0.42,4.2,130
Mast & Harbour,Men Slim Fit Cargo Jeans,755,2799,0.73,4.2,530
Roadster,Men Mid-Rise Jeans,791,2399,0.67,4.2,13
Flying Machine,Men Relaxed Fit Jeans,2309,3499,0.34,4.2,13
W.T.F - Witnessing True Fashion,Men Relaxed Fit Jeans,1399,3999,26,4.2,20
Levis,Men 511 Slim Fit Jeans,2079,3999,0.48,3.9,31
glitchez,Men Loose Fit Ripped Jeans,639,1999,0.68,3.9,52
bigbanana,Plus Size Men Mid Rise Jeans,1329,3499,0.62,4.4,13
Flying Machine,Men Slim Fit Jeans,1549,2499,0.38,4.4,13
Moda Rapido,Men Slim Tapered Fit Jeans,818,2099,0.61,4,343
Mast & Harbour,Men Regular Fit Mid-Rise Jeans,764,1699,0.55,4.1,56
WROGN,Men Anti Fit Jeans,1399,2799,0.5,4.1,25
HIGHLANDER,Men Relaxed Fit Cotton Jeans,742,2249,0.67,4.1,291
Bene Kleed,Men Relaxed Fit Jeans,857,2599,0.67,3.6,46
Mufti,Men Mid-Rise Skinny Fit Jeans,1393,3399,0.59,3.8,16
HERE&NOW,Men Slim Fit Jeans,749,1499,0.5,3.8,38
PARIS HAMILTON,Men Bootcut Jeans,939,1999,0.53,3.6,140
FUGAZEE,Men Relaxed Fit Jeans,2099,3499,0.4,3.7,124
HERE&NOW,Men Slouchy Fit Jeans,799,2499,0.68,4.2,157
Bewakoof,Men Mid-Rise Jeans,1299,1499,2,4.2,157
French Connection,Men Slim Fit Jeans,1294,3499,0.63,4.4,17
Roadster,Men Relaxed Fit Jeans,774,2499,0.69,3.3,23
bigbanana,Men Plus Size Jeans,1311,3199,0.59,3.7,19
Mufti,Men Slim Fit Jeans,1553,4199,0.63,3.8,22
Thomas Scott,Men Mid-Rise Jeans,1124,4499,0.75,3.8,22
Roadster,Men Straight Fit Jeans,1187,3299,0.64,3.8,22
Mufti,Men Super Skinny Fit Jeans,1393,3399,0.59,3.8,22
glitchez,Men Loose Fit Jeans,637,2199,0.71,4,40
Red Tape,Men Skinny Fit Jeans,1311,6399,50.88,4.1,201
Mufti,Men Slim Fit Jeans,1649,3299,0.5,4.2,5
Mast & Harbour,Men Bootcut Frayed Hem Jeans,747,2199,0.66,3.4,53
WROGN,Men Loose Fit Cotton Jeans,1374,2499,0.45,4.2,57
Flying Machine,Men Slim Fit Jeans,1829,2999,0.39,4.6,5
Urbano Fashion,Men Slim Fit Jeans,629,1399,0.55,4,619
Roadster,Men Mid-Rise Relaxed Fit Jeans,702,1899,0.63,4.1,13
WROGN,Men Anti Fit Jeans,1623,2799,0.42,4.2,42
Roadster,Men Loose Fit Jeans,883,2599,0.66,4.3,21
Roadster,Stretchable Jeans Jogger,974,2499,0.61,4.3,185
Roadster,Men Regular Fit Mid-Rise Jeans,759,1899,0.6,4,63
Bene Kleed,Pure Cotton Straight Fit Jeans,850,2299,0.63,3.7,102
Mast & Harbour,Men Joggers Style Jeans,805,2599,0.69,3.6,39
Flying Machine,Slim Fit Stretchable Jeans,1829,2999,0.39,3.6,39
glitchez,Men Wide Leg Jeans,839,2399,0.65,3.6,32
Urbano Fashion,Men Slim Fit Jeans,629,1399,0.55,4,559
Levis,Men 511 Slim Fit Jeans,1478,2899,0.49,4.3,264
The Indian Garage Co,Men Barrel Fit Jeans,808,2449,0.67,3.8,50
Roadster,Men Slim Fit Jeans,747,2199,0.66,4.2,203
Calvin Klein Jeans,Men Slim Fit Jeans,747,2199,0.66,4.2,203
Stylecast X Kotty,Men Regular Fit Mid-Rise Jeans,559,1999,0.72,3.3,60
HERE&NOW,Men Baggy Printed Jeans,929,2999,0.69,3.5,39
WROGN,Men Slim Fit Stretchable Jeans,1275,2199,0.42,4.2,130
Roadster,Men Slim Fit Mid-Rise Jeans,512,1899,0.73,4.2,130
Roadster,Men Straight Fit Jeans,645,1699,0.62,4,44
Flying Machine,Men Relaxed Fit Jeans,2309,3499,0.34,4,44
HERE&NOW,Printed Straight Fit Jeans,1177,3099,0.62,4,44
Roadster,Men Regular Fit Mid-Rise Jeans,628,1699,0.63,4.2,54
Levis,Men 511 Slim Fit Jeans,2079,3999,0.48,3.9,31
Roadster,Men Slim Fit Jeans,659,2199,0.7,4.1,130
WROGN,Men Slim Fit Jeans,1333,2299,0.42,4.1,16
Flying Machine,Men Slim Fit Jeans,1549,2499,0.38,4.1,16
Mast & Harbour,Men Slim Tapered Fit Jeans,873,1899,0.54,3.9,472
The Indian Garage Co,Men Mid Rise Jeans,866,2549,0.66,3.9,185
WROGN,Men Anti Fit Jeans,1399,2799,0.5,4.1,25
The Indian Garage Co,Men Bootcut Jeans,661,2449,0.73,3.5,134
max,Men Stretchable Jeans,799,999,2,3.7,689
Mufti,Men Mid-Rise Skinny Fit Jeans,1393,3399,0.59,3.8,16
Bene Kleed,Men Straight Fit Cargo Jeans,1247,3199,0.61,4.1,338
Roadster,Men Relaxed Fit  Cotton Jeans,927,3199,0.71,4.3,54
FUGAZEE,Men Relaxed Fit Jeans,2099,3499,0.4,3.7,124
glitchez,Men Light Fade Bootcut Jeans,543,1699,0.68,3.7,59
Roadster,Men Cotton Relaxed Fit Jeans,724,2499,0.71,3.9,180
French Connection,Men Slim Fit Jeans,1294,3499,0.63,4.4,17
Ducati,Men Regular Fit Jeans,1084,3499,0.69,3.9,114
Mast & Harbour,Men Straight Fit Jeans,774,2499,0.69,3.9,429
Mufti,Men Slim Fit Jeans,1553,4199,0.63,3.8,22
glitchez,Men Skater Fit Jeans,619,1999,0.69,3.9,97
Mast & Harbour,Straight Fit Mid-Rise Jeans,1014,2899,0.65,3.9,97
Mufti,Men Super Skinny Fit Jeans,1393,3399,0.59,3.9,97
glitchez,Men Loose Baggy Fit Jeans,681,2199,0.69,3.8,26
Mast & Harbour,Men Relaxed Fit Jeans,789,2999,0.73,4.6,11
Mufti,Men Slim Fit Jeans,1649,3299,0.5,4.2,5
WROGN,Men Loose Fit Cotton Jeans,1374,2499,0.45,4.2,57
Flying Machine,Men Slim Fit Jeans,1829,2999,0.39,4.6,5
The Indian Garage Co,Men Slim Fit Jeans,775,2349,0.67,4.2,92
MAAHIT,Men Mid-Rise Denim Baggy Jeans,689,2999,0.77,3.3,11
WROGN,Men Anti Fit Jeans,1623,2799,0.42,4.2,42
Roadster,Men Regular Fit Jeans,599,1499,0.6,3.9,78
STUDIO NEXX,Men Straight Fit Jeans,859,1999,0.57,4.8,13
Roadster,Men Regular Fit Mid-Rise Jeans,759,1899,0.6,4,63
Roadster,Men Slim Fit Jeans,857,2599,0.67,3.9,276
Urbano Fashion,Men Relaxed Fit Cargo Jeans,1079,2399,0.55,4,476
Flying Machine,Slim Fit Stretchable Jeans,1829,2999,0.39,4,476
Mast & Harbour,Men Straight Fit Jeans,764,1699,0.55,4.5,11
Flying Machine,Men Slim Fit Mid-Rise Jeans,1367,2399,0.43,4.1,16
Levis,Men 511 Slim Fit Jeans,1478,2899,0.49,4.3,264
Mast & Harbour,Men Skinny Fit Mid-Rise Jeans,751,1599,0.53,4.1,36
WROGN,Men Straight Fit Jeans,1391,2399,0.42,3.9,104
Calvin Klein Jeans,Men Slim Fit Jeans,1391,2399,0.42,3.9,104
Roadster,Men Slim Tapered Fit Jeans,805,2599,0.69,3.9,192
Roadster,Men Loose Fit  Jeans,929,2999,0.69,3.9,28
WROGN,Men Slim Fit Stretchable Jeans,1275,2199,0.42,4.2,130
V-Mart,Light Fade Cotton Jeans,664,699,0.05,3.6,36
Style Quotient,Men Plus Size Jeans,999,2499,0.6,4.4,66
Flying Machine,Men Relaxed Fit Jeans,2309,3499,0.34,4.4,66
Roadster,Men Loose Bootcut Cotton Jeans,779,2599,0.7,3.4,18
Kotty,Men Straight Fit Jeans,659,1999,0.67,4,33
Levis,Men 511 Slim Fit Jeans,2079,3999,0.48,3.9,31
WROGN,Men Straight Fit Jeans,959,2399,0.6,3.1,25
Roadster,Men Straight Fit Mid-Rise Jeans,594,1699,0.65,3.1,25
Flying Machine,Men Slim Fit Jeans,1549,2499,0.38,3.1,25
Roadster,Men Slim Tapered Fit Jeans,701,2599,0.73,3.7,288
Roadster,Men Dual Shade Bootcut Jeans,971,2699,0.64,3.5,16
WROGN,Men Anti Fit Jeans,1399,2799,0.5,4.1,25
Roadster,Men Slim Fit Mid-Rise Jeans,628,1699,0.63,3.6,5
Mast & Harbour,Men Carrot Light Fade Jeans,767,2399,0.68,3.8,741
Mufti,Men Mid-Rise Skinny Fit Jeans,1393,3399,0.59,3.8,16
styzon,Men Jogger Cargo Styles Jeans,971,3599,0.73,3.9,23
glitchez,Men Straight Ripped Jeans,735,1599,0.54,2.6,34
FUGAZEE,Men Relaxed Fit Jeans,2099,3499,0.4,3.7,124
Roadster,Men Skinny Fit Mid-Rise Jeans,725,2199,0.67,4.2,25
Roadster,Men Straight Fit Jeans,615,2799,0.78,4,95
French Connection,Men Slim Fit Jeans,1294,3499,0.63,4.4,17
HERE&NOW,Men Mid Rise Stretchable Jeans,679,1999,0.66,4,404
High Star,Men Bootcut Jeans,1280,2099,0.39,4,826
Mufti,Men Slim Fit Jeans,1553,4199,0.63,3.8,22
Roadster,Men Straight Pure Cotton Jeans,779,2599,0.7,3.8,52
Mast & Harbour,Men Relaxed Fit Jeans,629,1799,0.65,3,10
Mufti,Men Super Skinny Fit Jeans,1393,3399,0.59,3,10
Roadster,Men Wide Leg Jeans,701,2699,0.74,4.3,16
HERE&NOW,Men Pure Cotton Cargo Jeans,1199,3399,22,4.3,82
Mufti,Men Slim Fit Jeans,1649,3299,0.5,4.2,5
WROGN,Men Loose Fit Cotton Jeans,1374,2499,0.45,4.2,57
Flying Machine,Men Slim Fit Jeans,1829,2999,0.39,4.6,5
Roadster,Men Slim Fit Stretchable Jeans,824,2499,0.67,4.1,168
WROGN,Men Slim Fit Jeans,1159,1999,0.42,4.1,161
WROGN,Men Anti Fit Jeans,1623,2799,0.42,4.2,42
glitchez,Men Raw Hem Bootcut Fit Jeans,813,2199,0.63,4.3,11
MASCLN SASSAFRAS,Men Relaxed Fit Jeans,1031,2399,0.57,4.3,1200
Roadster,Men Regular Fit Mid-Rise Jeans,759,1899,0.6,4,63
WROGN,Men Slim Tapered Fit Jeans,1385,2199,0.37,3,6
Beyoung,Men Faded Regular Fit Jeans,999,2499,0.6,4.5,8
Flying Machine,Slim Fit Stretchable Jeans,1829,2999,0.39,4.5,8
Roadster,Men Baggy Fit Cotton Jeans,779,2599,0.7,4,38
Hardsoda by The Indian Garage Co,Men Plus Size Mid-Rise Jeans,883,2599,0.66,4.7,16
Levis,Men 511 Slim Fit Jeans,1478,2899,0.49,4.3,264
Roadster,Men Straight Fit Jeans,577,1699,0.66,4.3,264
Roadster,Men Straight Fit Jeans,599,1499,0.6,4.1,73
Calvin Klein Jeans,Men Slim Fit Jeans,599,1499,0.6,4.1,73
glitchez,Men Loose Fit Light Fade Jeans,615,2199,0.72,4.1,59
DENIMLOOK,Men Mid-Rise Cargo Jeans,749,2599,18.5,4,35
WROGN,Men Slim Fit Stretchable Jeans,1275,2199,0.42,4.2,130
Mast & Harbour,Men Skinny Fit Jeans,674,2499,0.73,3.6,441
Mast & Harbour,Men Cargo style Jeans,1039,2599,0.6,3.8,23
Flying Machine,Men Relaxed Fit Jeans,2309,3499,0.34,3.8,23
glitchez,Men Wide Leg Jeans,725,2199,0.67,3.6,48
glitchez,Men Baggy Loose Jeans,681,2199,0.69,4,63
Levis,Men 511 Slim Fit Jeans,2079,3999,0.48,3.9,31
Roadster,Men Regular Fit Mid-Rise Jeans,519,1299,0.6,4,29
PARIS HAMILTON,Men Relaxed Fit Jeans,899,1999,0.55,4.2,177
Flying Machine,Men Slim Fit Jeans,1549,2499,0.38,4.2,177
Roadster,Men Slim Fit Jeans,779,2599,0.7,3.6,14
Aeropostale,Men Straight Fit Jeans,1220,3299,0.63,4.2,12
WROGN,Men Anti Fit Jeans,1399,2799,0.5,4.1,25
Mast & Harbour,Men Wide Leg Cotton Jeans,890,2699,0.67,3.7,49
Stylecast X Kotty,Men Regular Fit Mid-Rise Jeans,539,1999,0.73,3.4,25
Mufti,Men Mid-Rise Skinny Fit Jeans,1393,3399,0.59,3.8,16
Mast & Harbour,Men Jogger Jeans,769,2199,0.65,4,674
Roadster,Men Baggy Fit Jeans,951,2799,0.66,3.5,15
FUGAZEE,Men Relaxed Fit Jeans,2099,3499,0.4,3.7,124
MERCHANT MARINE,Men Slim Fit Jeans,1299,3399,21,3.7,124
Roadster,Men Regular Fit Jeans,628,1699,0.63,4.1,37
French Connection,Men Slim Fit Jeans,1294,3499,0.63,4.4,17
Mast & Harbour,Men Wide Leg Jeans,836,2699,0.69,2.8,12
glitchez,Men Loose Cropped Jeans,671,2399,0.72,4.1,12
Mufti,Men Slim Fit Jeans,1553,4199,0.63,3.8,22
MASTERLY WEFT,Straight Fit Mid-Rise Jeans,959,1999,0.52,3.8,22
glitchez,Men Relaxed Fit Jeans,831,1299,0.36,3.8,233
Mufti,Men Super Skinny Fit Jeans,1393,3399,0.59,3.8,233
glitchez,Men Wide Leg Jeans,743,2399,0.69,4.4,39
Bene Kleed,Men Bootcut Jeans,919,2299,0.6,3.9,263
Mufti,Men Slim Fit Jeans,1649,3299,0.5,4.2,5
WROGN,Men Loose Fit Cotton Jeans,1374,2499,0.45,4.2,57
Flying Machine,Men Slim Fit Jeans,1829,2999,0.39,4.6,5
Kook N Keech,Men Cotton Straight Fit Jeans,1022,3299,0.69,4,17
Mast & Harbour,Men Cargo Style Jogger Jeans,1103,2399,0.54,4,17
WROGN,Men Anti Fit Jeans,1623,2799,0.42,4.2,42
Kook N Keech,Men Straight Fit Jeans,991,3199,0.69,3.8,18
Roadster,Men Relaxed Fit Cargo Jeans,1049,2999,0.65,4.3,295
Roadster,Men Regular Fit Mid-Rise Jeans,759,1899,0.6,4,63
glitchez,Men Cotton  Jogger Fit Jeans,571,2199,0.74,4,55
EDITLOOK,Men Jeans,659,2999,0.78,4.3,7
Flying Machine,Slim Fit Stretchable Jeans,1829,2999,0.39,4.3,7
Kotty,Men Straight Fit Low-Rise Jeans,579,1999,0.71,4.1,30
The Indian Garage Co,Men Slim Fit Jeans,539,1999,0.73,4,469
Levis,Men 511 Slim Fit Jeans,1478,2899,0.49,4.3,264
Roadster,Men Straight Fit Jeans,839,2399,0.65,4.1,23
Roadster,Men Slim Fit Jeans,703,2199,0.68,3.9,350
Calvin Klein Jeans,Men Slim Fit Jeans,703,2199,0.68,3.9,350
glitchez,Men Relaxed Fit Cargo Jeans,599,1499,0.6,3.9,51
Roadster,Relaxed Fit Jeans,719,2999,0.76,3.8,38
WROGN,Men Slim Fit Stretchable Jeans,1275,2199,0.42,4.2,130
Roadster,Men Straight Fit Jeans,599,1499,0.6,4.1,19
The Indian Garage Co,Men Relaxed Fit Jeans,728,2699,0.73,4.1,260
Flying Machine,Men Relaxed Fit Jeans,2309,3499,0.34,4.1,260
WROGN,Men Slim Fit Mid Rise Jeans,699,1999,0.65,4.4,16
Roadster,Men Carrot Fit Jeans,759,1899,0.6,4,395
Levis,Men 511 Slim Fit Jeans,2079,3999,0.48,3.9,31
bigbanana,Men Plus Size Mid Rise Jeans,1183,3199,0.63,4.1,18
glitchez,Men Carpenter Pleated Jeans,615,2199,0.72,3.9,81
Flying Machine,Men Slim Fit Jeans,1549,2499,0.38,3.9,81
Urbano Fashion,Men Mid-Rise Cotton Jeans,1079,2399,0.55,3.7,55
PARIS HAMILTON,Men Bootcut Jeans,899,1999,0.55,3.9,257
WROGN,Men Anti Fit Jeans,1399,2799,0.5,4.1,25
HERE&NOW,Men Baggy Pure Cotton Jeans,1349,2999,0.55,4.2,20
Roadster,Men Cotton Relaxed Fit Jeans,899,2999,0.7,4.4,76
Mufti,Men Mid-Rise Skinny Fit Jeans,1393,3399,0.59,3.8,16
glitchez,Men Baggy Fit Jeans,571,2199,0.74,3.3,87
Roadster,Men Straight Fit Jeans,675,2599,0.74,3.9,25
FUGAZEE,Men Relaxed Fit Jeans,2099,3499,0.4,3.7,124
Roadster,Men Slim Fit Jeans,743,2399,0.69,3.9,206
Roadster,Relaxed Fit Stretchable Jeans,594,1699,0.65,4.3,6
French Connection,Men Slim Fit Jeans,1294,3499,0.63,4.4,17
Roadster,Men Cotton Loose Bootcut Jeans,805,2599,0.69,2.9,29
glitchez,Men Acid Wash Baggy Jeans,571,2599,0.78,2.6,22
Mufti,Men Slim Fit Jeans,1553,4199,0.63,3.8,22
HERE&NOW,Men Pure Cotton Baggy Jeans,1289,2999,0.57,3,5
Mufti,Men Super Skinny Fit Jeans,1393,3399,0.59,3,5
Aeropostale,Men Straight Fit Jeans,1257,3699,0.66,4.6,18
Flying Machine,Men Relaxed High-Rise Jeans,1424,2499,0.43,3.8,33
Mufti,Men Slim Fit Jeans,1649,3299,0.5,4.2,5
Kolor Fusion,Men Mid-Rise Baggy Jeans,999,2499,0.6,3.7,6
WROGN,Men Loose Fit Cotton Jeans,1374,2499,0.45,4.2,57
Flying Machine,Men Slim Fit Jeans,1829,2999,0.39,4.6,5
glitchez,Men Wide Leg Jeans,659,2199,0.7,4.1,21
FCUK,Men Mid-Rise Jeans,1310,2299,0.43,3.8,39
WROGN,Men Anti Fit Jeans,1623,2799,0.42,4.2,42
Playfeel,Men Straight Fit Cargo Jeans,749,2499,0.7,3.4,21
Nautica,Men Straight Fit Jeans,1304,2899,0.55,4.2,37
Roadster,Men Regular Fit Mid-Rise Jeans,759,1899,0.6,4,63
Roadster,Men Relaxed Fit Jeans,1101,2899,0.62,4.2,61
Roadster,Men Straight Fit Jeans,839,2399,0.65,3.7,14
Flying Machine,Slim Fit Stretchable Jeans,1829,2999,0.39,3.7,14
glitchez,Men Cotton Loose Fit Jeans,679,1999,0.66,4.4,8
Roadster,Men Straight Fit Jeans,599,1499,0.6,4,182
Levis,Men 511 Slim Fit Jeans,1478,2899,0.49,4.3,264
SPYKAR,Men Skinny Slim Fit Jeans,1253,3299,0.62,3.6,13
Roadster,Men Slim Tapered Fit Jeans,599,1499,0.6,3.6,350
Calvin Klein Jeans,Men Slim Fit Jeans,599,1499,0.6,3.6,350
glitchez,Men Skater Fit Jeans,599,1999,0.7,3.1,84
Urbano Fashion,Men Relaxed Fit Cotton Jeans,1079,2399,0.55,4,81
WROGN,Men Slim Fit Stretchable Jeans,1275,2199,0.42,4.2,130
Powerlook,Relaxed Fit Light Fade Jeans,1304,2899,0.55,3.9,43
WROGN,Men Straight Fit Jeans,1363,2199,0.38,4.6,10
Flying Machine,Men Relaxed Fit Jeans,2309,3499,0.34,4.6,10
MAAHIT,Men Baggy Fit Mid-Rise Jeans,689,2999,0.77,3.6,19
glitchez,Men Distressed Faded Jeans,571,2199,0.74,4.3,107
Levis,Men 511 Slim Fit Jeans,2079,3999,0.48,3.9,31
Roadster,Men Jogger Jeans,899,2999,0.7,4.1,905
Roadster,Men Bootcut Jeans,643,2799,0.77,4.1,278
Flying Machine,Men Slim Fit Jeans,1549,2499,0.38,4.1,278
Bene Kleed,Men Heavy Fade Jeans,979,2799,0.65,3.2,18
Urbano Fashion,Men Straight Fit Jeans,1034,2299,0.55,3.2,19
WROGN,Men Anti Fit Jeans,1399,2799,0.5,4.1,25
Roadster,Men Relaxed Fit Mid-Rise Jeans,577,1699,0.66,3.8,10
Roadster,Men Jogger Jeans,899,2999,0.7,4,262
Mufti,Men Mid-Rise Skinny Fit Jeans,1393,3399,0.59,3.8,16
HERE&NOW,Men Regular Fit Jeans,614,1499,0.59,4.2,41
Roadster,Men Straight Fit Jeans,1043,2899,0.64,3.9,7
FUGAZEE,Men Relaxed Fit Jeans,2099,3499,0.4,3.7,124
WROGN,Men Straight Fit Jeans,1259,1999,0.37,3.9,9
Urbano Fashion,Non-Stretchable Cargo Jeans,1079,2399,0.55,4.2,144
French Connection,Men Slim Fit Jeans,1294,3499,0.63,4.4,17
Roadster,Men Slim Fit Mid-Rise Jeans,645,1899,0.66,2.9,22
HERE&NOW,Men Slim Fit Jeans,909,2099,11.9,3.8,580
Mufti,Men Slim Fit Jeans,1553,4199,0.63,3.8,22
Bene Kleed,Pure Cotton Tinted Jeans,824,3299,0.75,4,61
HERE&NOW,Men Regular Fit Mid-Rise Jeans,849,1699,0.5,3.9,65
Mufti,Men Super Skinny Fit Jeans,1393,3399,0.59,3.9,65
bigbanana,Plus Size Men Mid Rise Jeans,1329,3499,0.62,4.3,44
WROGN,Men Straight Fit Jeans,1127,2399,0.53,4.1,128
Mufti,Men Slim Fit Jeans,1649,3299,0.5,4.2,5
WROGN,Men Loose Fit Cotton Jeans,1374,2499,0.45,4.2,57
Flying Machine,Men Slim Fit Jeans,1829,2999,0.39,4.6,5
HERE&NOW,Men Mid-Rise Jeans,1022,3299,0.69,3.6,43
Mast & Harbour,Men Loose Tapered Fit Jeans,769,2199,0.65,4,48
WROGN,Men Anti Fit Jeans,1623,2799,0.42,4.2,42
Urbano Fashion,Men Baggy Fit Panelled Jeans,1034,2299,0.55,4.1,351
glitchez,Men Straight Fit Jeans,679,1999,0.66,3.6,252
Roadster,Men Regular Fit Mid-Rise Jeans,759,1899,0.6,4,63
Mast & Harbour,Men Straight Fit Jeans,831,2599,0.68,3,13
Roadster,Men Straight Fit Jeans,560,1699,0.67,3.5,38
Flying Machine,Slim Fit Stretchable Jeans,1829,2999,0.39,3.5,38
Roadster,Men Vintage Wash Flared Jeans,805,2599,0.69,3.5,15
glitchez,Men Straight Fit Jeans,727,1299,0.44,4,171
Levis,Men 511 Slim Fit Jeans,1478,2899,0.49,4.3,264
Mast & Harbour,Men Cargo Jeans,840,2899,0.71,4.2,281
Bene Kleed,Men Bootcut Jeans,965,2299,0.58,3.6,90
Calvin Klein Jeans,Men Slim Fit Jeans,965,2299,0.58,3.6,90
Roadster,Men Pure Cotton Straight Jeans,719,1999,0.64,3.9,67
HIGHLANDER,Men Cotton Straight Fit Jeans,873,3799,0.77,3.8,37
WROGN,Men Slim Fit Stretchable Jeans,1275,2199,0.42,4.2,130
Mast & Harbour,Men Straight Fit Jeans,839,2999,0.72,3.5,48
Roadster,Men Straight Fit Jeans,831,2599,0.68,4.1,11
Flying Machine,Men Relaxed Fit Jeans,2309,3499,0.34,4.1,11
Roadster,Men Baggy Loose Fit Jeans,571,2599,0.78,3.9,22
Levis,Men 511 Slim Fit Jeans,2079,3999,0.48,3.9,31
WROGN,Men Anti Fit Jeans,874,2499,0.65,3.6,25
Roadster,Men Bootcut Jeans,890,3299,0.73,4,482
Flying Machine,Men Slim Fit Jeans,1549,2499,0.38,4,482
glitchez,Men Baggy Jeans,593,2199,0.73,3.6,53
Roadster,Men Wide Leg Cotton Jeans,890,2699,0.67,3.5,11
WROGN,Men Anti Fit Jeans,1399,2799,0.5,4.1,25
glitchez,Men Straight Fit Jeans,559,1999,0.72,4.1,31
HERE&NOW,Men Regular Fit Mid-Rise Jeans,1169,2999,0.61,1.8,6
Mufti,Men Mid-Rise Skinny Fit Jeans,1393,3399,0.59,3.8,16
HARDSODA,Plus Size Pure Cotton Jeans,755,2799,0.73,3.8,17
Roadster,Men Cotton Wide Leg Jeans,519,2599,0.8,3.7,27
FUGAZEE,Men Relaxed Fit Jeans,2099,3499,0.4,3.7,124
Roadster,Men Vintage Wash Slim Jeans,779,2599,0.7,4.2,16
HERE&NOW,Men Mid-Rise Jeans,1055,3299,0.68,3.6,14
French Connection,Men Slim Fit Jeans,1294,3499,0.63,4.4,17
The Indian Garage Co,Cotton Relaxed Fit  Jeans,1024,2499,0.59,3.4,8
Aeropostale,Men Tapered Fit Jeans,899,2999,0.7,4.4,31
Mufti,Men Slim Fit Jeans,1553,4199,0.63,3.8,22
Roadster,Men Slim Fit Jeans,699,1999,0.65,3.7,159
The Indian Garage Co,Men Light Fade Jeans,866,2549,0.66,4.1,231
Mufti,Men Super Skinny Fit Jeans,1393,3399,0.59,4.1,231
max,Men Mid-Rise Stretchable Jeans,1393,3399,0.59,4.1,231
Roadster,Skinny Fit Jeans,989,2999,0.67,3.6,2100
Mufti,Men Slim Fit Jeans,1649,3299,0.5,4.2,5
